Car_id,Car_make,Car_model
C1,Ford,Mustang
C2,Hummer,H2
C3,Land Rover,Range Rover
C4,Dodge,Nitro
C5,GMC,Yukon
C6,Buick,Park Avenue
C7,Volkswagen,GTI
C8,Chrysler,300
C9,Cadillac,Catera
C10,Spyker,C8
C11,Oldsmobile,Silhouette
C12,Dodge,Stratus
C13,Hyundai,Sonata
C14,Volvo,V50
C15,Lotus,Exige
C16,Dodge,Durango
C17,Toyota,Supra
C18,Toyota,Tundra
C19,Mercedes-Benz,E-Class
C20,Nissan,Sentra
C21,Lexus,GS
C22,Chevrolet,Silverado 2500
C23,Chrysler,LHS
C24,Ford,F-Series
C25,Mercedes-Benz,SL-Class
C26,Plymouth,Horizon
C27,Mercury,Marauder
C28,GMC,Yukon
C29,Chevrolet,Caprice Classic
C30,Infiniti,G35
C31,BMW,X3
C32,Mazda,B-Series Plus
C33,Infiniti,I
C34,BMW,X5
C35,Ford,Country
C36,Chrysler,New Yorker
C37,Toyota,Avalon
C38,Porsche,Panamera
C39,Ford,Mustang
C40,Chevrolet,Aveo
C41,Hyundai,Accent
C42,Saturn,Ion
C43,Pontiac,Sunbird
C44,Bentley,Azure
C45,Mitsubishi,Galant
C46,Dodge,Ram Wagon B150
C47,Nissan,Titan
C48,Subaru,Legacy
C49,Buick,Century
C50,Subaru,Tribeca
C51,Ford,Mustang
C52,Chevrolet,Silverado 3500
C53,Saturn,Ion
C54,Ford,Excursion
C55,Chevrolet,Silverado
C56,Ford,F-250 Super Duty
C57,GMC,Vandura G1500
C58,Mercedes-Benz,C-Class
C59,Mercury,Mountaineer
C60,GMC,Yukon
C61,Scion,tC
C62,Saab,9-5
C63,Pontiac,Montana
C64,Chevrolet,Astro
C65,Chrysler,300
C66,Land Rover,Discovery
C67,Suzuki,SX4
C68,Mercury,Grand Marquis
C69,Audi,RS4
C70,Jaguar,XJ
C71,Chevrolet,S10
C72,Chevrolet,Silverado 1500
C73,Maybach,62
C74,Kia,Soul
C75,Chevrolet,Malibu
C76,Toyota,T100 Xtra
C77,Isuzu,Trooper
C78,Volvo,C70
C79,Mazda,MX-5
C80,Nissan,Maxima
C81,GMC,Sonoma
C82,Plymouth,Breeze
C83,Volvo,240
C84,Hyundai,Accent
C85,GMC,Sierra 3500
C86,Acura,MDX
C87,Jaguar,XK Series
C88,Ford,Econoline E150
C89,Mercedes-Benz,GL-Class
C90,Chevrolet,Caprice
C91,Kia,Spectra
C92,Ford,Crown Victoria
C93,Audi,Allroad
C94,Jaguar,S-Type
C95,BMW,3 Series
C96,Cadillac,XLR-V
C97,Oldsmobile,98
C98,Mercury,Tracer
C99,Toyota,T100 Xtra
C100,Acura,TL
C101,Ford,Mustang
C102,Mercedes-Benz,300SE
C103,Mazda,CX-9
C104,Buick,Skylark
C105,Chevrolet,Camaro
C106,Volkswagen,Tiguan
C107,Chevrolet,Express 3500
C108,Saturn,Aura
C109,Mercedes-Benz,SLK-Class
C110,Mercedes-Benz,E-Class
C111,Jaguar,XK Series
C112,Infiniti,G35
C113,Mercedes-Benz,400SE
C114,GMC,Yukon XL 2500
C115,Mazda,Mazda3
C116,Buick,LeSabre
C117,Dodge,Grand Caravan
C118,Mercedes-Benz,E-Class
C119,Tesla,Roadster
C120,Audi,Q7
C121,Ford,Mustang
C122,Toyota,Tercel
C123,Mazda,Mazda6 5-Door
C124,Infiniti,QX
C125,Ford,Econoline E250
C126,Pontiac,Gemini
C127,Toyota,Cressida
C128,Ford,Explorer Sport
C129,Hyundai,Accent
C130,Toyota,Corolla
C131,Honda,Odyssey
C132,Buick,Roadmaster
C133,Mitsubishi,Pajero
C134,Mercedes-Benz,SLK-Class
C135,Hyundai,Elantra
C136,Chevrolet,Silverado 3500
C137,Infiniti,I
C138,Plymouth,Laser
C139,Pontiac,Montana SV6
C140,Kia,Sedona
C141,Buick,LeSabre
C142,Chevrolet,1500
C143,Volkswagen,Jetta
C144,Dodge,Ram Van 3500
C145,Dodge,Ram Van 3500
C146,BMW,525
C147,Dodge,Caravan
C148,Acura,Integra
C149,Mitsubishi,Galant
C150,Toyota,Tacoma
C151,Chevrolet,Silverado
C152,Nissan,Quest
C153,Buick,Riviera
C154,Porsche,911
C155,Mazda,626
C156,Isuzu,Trooper
C157,Pontiac,1000
C158,Porsche,Boxster
C159,Cadillac,SRX
C160,Cadillac,Eldorado
C161,Lincoln,Continental Mark VII
C162,Plymouth,Acclaim
C163,Chrysler,Voyager
C164,Mercury,Sable
C165,Isuzu,Oasis
C166,Volvo,V70
C167,Chevrolet,Suburban 1500
C168,Subaru,Outback
C169,BMW,X5
C170,Dodge,Ram 3500
C171,Ford,Tempo
C172,Isuzu,Trooper
C173,Dodge,Viper
C174,Ford,F250
C175,BMW,650
C176,Chrysler,Town & Country
C177,Tesla,Roadster
C178,Hyundai,XG350
C179,Mitsubishi,Mirage
C180,Mazda,626
C181,Toyota,Tacoma Xtra
C182,BMW,3 Series
C183,Lotus,Esprit
C184,Saab,9-7X
C185,Chevrolet,Corvette
C186,Chevrolet,Camaro
C187,Buick,Skylark
C188,Volkswagen,Type 2
C189,Jeep,Grand Cherokee
C190,Dodge,Stealth
C191,Ford,Explorer Sport Trac
C192,Mazda,MX-6
C193,Chevrolet,Express 1500
C194,Mazda,MX-6
C195,GMC,Yukon XL 1500
C196,Ford,F-Series
C197,Volkswagen,Golf
C198,Infiniti,G35
C199,Volkswagen,Scirocco
C200,Subaru,Leone
C201,Pontiac,Firebird
C202,Mercury,Lynx
C203,Ford,Focus
C204,Plymouth,Grand Voyager
C205,Honda,CR-V
C206,Kia,Forte
C207,Lotus,Exige
C208,Pontiac,G6
C209,Ford,Probe
C210,Buick,Skylark
C211,Jeep,Grand Cherokee
C212,Chevrolet,Silverado 3500
C213,Dodge,Ram Wagon B250
C214,Volkswagen,Touareg
C215,Chevrolet,Tahoe
C216,Hummer,H1
C217,Mercury,Mystique
C218,Cadillac,Escalade ESV
C219,Saturn,S-Series
C220,Pontiac,Firefly
C221,Ford,Ranger
C222,Mercury,Mountaineer
C223,Mitsubishi,Challenger
C224,Chrysler,300C
C225,Aston Martin,DBS
C226,Buick,Century
C227,Dodge,Ram
C228,Mercury,Capri
C229,Land Rover,Discovery
C230,GMC,Sierra 2500
C231,Infiniti,IPL G
C232,Plymouth,Breeze
C233,Land Rover,Discovery
C234,Chevrolet,G-Series G20
C235,Volvo,XC70
C236,Mercury,Villager
C237,Subaru,SVX
C238,Mazda,929
C239,Ford,Thunderbird
C240,Cadillac,Seville
C241,Toyota,Celica
C242,Ford,Taurus
C243,Scion,xB
C244,Chevrolet,Prizm
C245,BMW,Z3
C246,Ford,Escort
C247,Ford,Flex
C248,Hyundai,Genesis Coupe
C249,Audi,A8
C250,Mitsubishi,Sigma
C251,MINI,Clubman
C252,Cadillac,CTS
C253,Mitsubishi,Mirage
C254,Dodge,Grand Caravan
C255,Nissan,200SX
C256,Mercedes-Benz,CLS-Class
C257,BMW,545
C258,Rolls-Royce,Ghost
C259,Mazda,B2600
C260,Chevrolet,Silverado 3500
C261,Lincoln,Aviator
C262,Toyota,Tacoma
C263,Bentley,Continental GT
C264,Isuzu,Rodeo
C265,Cadillac,CTS-V
C266,Chevrolet,Silverado
C267,Saturn,Ion
C268,Subaru,Justy
C269,Toyota,FJ Cruiser
C270,Chevrolet,Monte Carlo
C271,Ford,F250
C272,Lincoln,Navigator
C273,Buick,Skylark
C274,Lexus,SC
C275,Jaguar,XK Series
C276,Toyota,Celica
C277,Mitsubishi,Pajero
C278,GMC,Sonoma Club Coupe
C279,Ford,LTD Crown Victoria
C280,Mazda,RX-7
C281,Pontiac,Vibe
C282,Acura,NSX
C283,Toyota,Tacoma
C284,Acura,TL
C285,Toyota,4Runner
C286,Jeep,Grand Cherokee
C287,Oldsmobile,Achieva
C288,Mercedes-Benz,SL-Class
C289,Toyota,Echo
C290,Pontiac,Grand Prix
C291,Pontiac,Grand Am
C292,Pontiac,Fiero
C293,Hyundai,Tiburon
C294,Chevrolet,Beretta
C295,Toyota,4Runner
C296,Porsche,Boxster
C297,Land Rover,Range Rover Sport
C298,Hummer,H3
C299,Ford,Laser
C300,Oldsmobile,Alero
C301,Mercedes-Benz,C-Class
C302,Toyota,Solara
C303,Volvo,V90
C304,Dodge,Spirit
C305,Lincoln,Continental
C306,Chevrolet,SSR
C307,Rolls-Royce,Phantom
C308,Mazda,MX-6
C309,Acura,TSX
C310,GMC,Yukon XL 1500
C311,Porsche,Cayman
C312,Lincoln,MKT
C313,Chevrolet,Corvette
C314,Toyota,Tercel
C315,Ford,F150
C316,Land Rover,Discovery
C317,BMW,760
C318,Volkswagen,GTI
C319,Morgan,Aero 8
C320,Chevrolet,Cavalier
C321,Scion,xD
C322,GMC,Safari
C323,Cadillac,CTS-V
C324,Bentley,Continental Flying Spur
C325,Chrysler,PT Cruiser
C326,Mazda,Millenia
C327,Chevrolet,Avalanche
C328,Chevrolet,Suburban 2500
C329,Isuzu,i-Series
C330,Chevrolet,G-Series G30
C331,Toyota,Yaris
C332,Volkswagen,New Beetle
C333,Jeep,Cherokee
C334,Volvo,V90
C335,Isuzu,Ascender
C336,Kia,Sorento
C337,Dodge,Ram 1500 Club
C338,Lexus,GX
C339,Hyundai,Elantra
C340,Pontiac,Solstice
C341,Nissan,Pathfinder
C342,Toyota,Corolla
C343,Toyota,RAV4
C344,Mitsubishi,Truck
C345,Mazda,Millenia
C346,Volvo,S60
C347,Lincoln,Continental
C348,Pontiac,Grand Am
C349,Toyota,Tacoma
C350,Lexus,ES
C351,Pontiac,Grand Am
C352,Infiniti,G
C353,Isuzu,Ascender
C354,Volkswagen,GTI
C355,Kia,Carens
C356,Mitsubishi,Eclipse
C357,Toyota,Avalon
C358,GMC,Yukon XL 2500
C359,Chevrolet,2500
C360,Mercedes-Benz,SLK-Class
C361,BMW,M
C362,Pontiac,Gemini
C363,Toyota,Land Cruiser
C364,Honda,Accord
C365,Chevrolet,Cavalier
C366,Pontiac,Sunfire
C367,Mitsubishi,Montero
C368,Lincoln,LS
C369,Infiniti,Q
C370,Porsche,928
C371,Chevrolet,Cobalt
C372,GMC,Yukon
C373,Pontiac,Grand Am
C374,Ford,Crown Victoria
C375,Volkswagen,riolet
C376,BMW,330
C377,BMW,X6 M
C378,Nissan,Pathfinder
C379,Nissan,240SX
C380,Volkswagen,Cabriolet
C381,Bentley,Continental GT
C382,Volvo,XC90
C383,Chevrolet,Avalanche 1500
C384,Pontiac,Grand Prix
C385,Subaru,Impreza
C386,Chevrolet,Sportvan G20
C387,Mercury,Sable
C388,Mazda,MX-5
C389,Volkswagen,rio
C390,Volkswagen,Jetta
C391,Ford,Mustang
C392,Chevrolet,Express 2500
C393,Lamborghini,Diablo
C394,Land Rover,Discovery
C395,Mitsubishi,Truck
C396,Volkswagen,New Beetle
C397,Mercedes-Benz,S-Class
C398,Toyota,Land Cruiser
C399,Mercedes-Benz,C-Class
C400,Mitsubishi,Tredia
C401,Nissan,Quest
C402,Porsche,944
C403,Honda,CR-V
C404,GMC,Savana
C405,Mercedes-Benz,CL65 AMG
C406,Hummer,H1
C407,Jeep,Grand Cherokee
C408,Acura,RL
C409,Toyota,Tercel
C410,Lexus,LS Hybrid
C411,Nissan,Murano
C412,Audi,S4
C413,Volkswagen,Scirocco
C414,Suzuki,Grand Vitara
C415,BMW,6 Series
C416,Mercedes-Benz,C-Class
C417,Kia,Sorento
C418,Ram,2500
C419,GMC,Savana 1500
C420,Nissan,200SX
C421,Porsche,928
C422,Dodge,Ram 1500
C423,GMC,Yukon XL 1500
C424,Chevrolet,Express 3500
C425,Toyota,Matrix
C426,Cadillac,CTS
C427,Cadillac,Eldorado
C428,MINI,Cooper
C429,Aston Martin,Rapide
C430,Ford,F350
C431,Toyota,Echo
C432,Dodge,Viper
C433,Mercedes-Benz,G-Class
C434,Buick,Regal
C435,Pontiac,Bonneville
C436,Lincoln,Continental
C437,Mitsubishi,i-MiEV
C438,Chevrolet,Tahoe
C439,Mercedes-Benz,SLK-Class
C440,Ford,E-Series
C441,Chrysler,Town & Country
C442,Chevrolet,APV
C443,Dodge,Caliber
C444,Mercury,Mountaineer
C445,Plymouth,Grand Voyager
C446,Chrysler,LeBaron
C447,Chevrolet,Tahoe
C448,Nissan,Sentra
C449,Porsche,928
C450,Mercedes-Benz,G-Class
C451,Ford,Mustang
C452,Pontiac,Sunbird
C453,Ford,Excursion
C454,Mercedes-Benz,W201
C455,BMW,X3
C456,Ford,Expedition
C457,Subaru,Legacy
C458,Lincoln,Town Car
C459,Subaru,Brat
C460,Mitsubishi,Endeavor
C461,Ford,F250
C462,Mercedes-Benz,E-Class
C463,Ford,E-Series
C464,Volkswagen,Phaeton
C465,Toyota,TundraMax
C466,Oldsmobile,Ciera
C467,Honda,CR-Z
C468,Buick,Century
C469,Chevrolet,Suburban 2500
C470,Nissan,Quest
C471,GMC,Yukon XL 1500
C472,Volkswagen,Eurovan
C473,Dodge,Intrepid
C474,BMW,5 Series
C475,Volvo,XC90
C476,Mercedes-Benz,500SL
C477,Mercury,Sable
C478,Chevrolet,Suburban
C479,GMC,Sierra 1500
C480,Chevrolet,Equinox
C481,Audi,Quattro
C482,Mercedes-Benz,CL-Class
C483,Dodge,Intrepid
C484,Panoz,Esperante
C485,Honda,Accord
C486,Toyota,Previa
C487,Suzuki,Kizashi
C488,Ford,Escort
C489,Mercury,Sable
C490,GMC,3500 Club Coupe
C491,Lexus,LS
C492,Suzuki,SJ
C493,GMC,Sierra
C494,Mercedes-Benz,SL-Class
C495,Mercedes-Benz,SLS AMG
C496,Kia,Rondo
C497,Mazda,Mazdaspeed 3
C498,BMW,8 Series
C499,Hyundai,Tucson
C500,Suzuki,Kizashi
C501,Chevrolet,Astro
C502,Volvo,850
C503,Volvo,C70
C504,Dodge,Ram 50
C505,Hyundai,Azera
C506,BMW,8 Series
C507,Dodge,Ram 3500
C508,Hyundai,Tucson
C509,Ford,Falcon
C510,Infiniti,I
C511,Dodge,Avenger
C512,Dodge,Ram 1500
C513,Jaguar,XK
C514,Volvo,C70
C515,Subaru,Tribeca
C516,Lexus,RX
C517,Acura,MDX
C518,Dodge,Caravan
C519,Toyota,MR2
C520,Toyota,Celica
C521,Audi,V8
C522,Aston Martin,V8 Vantage
C523,Porsche,Cayenne
C524,Subaru,Tribeca
C525,Volvo,XC90
C526,Buick,LaCrosse
C527,Chevrolet,Uplander
C528,Volkswagen,Phaeton
C529,Porsche,Cayenne
C530,Mercury,Villager
C531,Volvo,V70
C532,Chrysler,Concorde
C533,Dodge,Intrepid
C534,Dodge,Nitro
C535,Oldsmobile,Bravada
C536,Dodge,Caravan
C537,Volkswagen,Golf
C538,Hyundai,Accent
C539,Ford,Fusion
C540,Chevrolet,Avalanche
C541,Volkswagen,Golf
C542,Ford,Fiesta
C543,Buick,Terraza
C544,GMC,Savana 2500
C545,Lexus,RX
C546,BMW,3 Series
C547,Chevrolet,3500
C548,Suzuki,Forenza
C549,Jaguar,XJ
C550,Ford,F150
C551,Nissan,Xterra
C552,Toyota,Camry
C553,Mazda,626
C554,Cadillac,DeVille
C555,Chevrolet,Avalanche
C556,Volvo,V90
C557,GMC,Envoy XUV
C558,Oldsmobile,Intrigue
C559,Hyundai,Tucson
C560,Acura,Integra
C561,Land Rover,Range Rover
C562,Mitsubishi,Outlander
C563,Jaguar,XK Series
C564,Mercury,Sable
C565,Hyundai,Sonata
C566,Buick,Skyhawk
C567,Subaru,XT
C568,Dodge,Ram Van B350
C569,Dodge,Dakota
C570,Hyundai,Tucson
C571,Toyota,Corolla
C572,Chrysler,Fifth Ave
C573,Porsche,944
C574,Toyota,Corolla
C575,GMC,Safari
C576,Plymouth,Grand Voyager
C577,Mazda,Mazda3
C578,Mercury,Mariner
C579,Chevrolet,Tahoe
C580,Cadillac,Fleetwood
C581,Chrysler,Pacifica
C582,Nissan,Xterra
C583,Oldsmobile,Ciera
C584,GMC,Yukon XL 2500
C585,Isuzu,Stylus
C586,Acura,TL
C587,Audi,90
C588,Mitsubishi,Outlander
C589,Mazda,Mazda3
C590,Ford,Expedition EL
C591,GMC,Canyon
C592,Chevrolet,Silverado 2500
C593,MINI,Cooper
C594,Honda,Civic
C595,Lincoln,Continental
C596,Pontiac,Grand Prix
C597,GMC,Acadia
C598,Spyker,C8
C599,Jeep,Grand Cherokee
C600,Nissan,Maxima
C601,Mitsubishi,Challenger
C602,Lincoln,Town Car
C603,Infiniti,Q
C604,Bentley,Brooklands
C605,Mitsubishi,Mirage
C606,Chevrolet,Malibu
C607,Honda,Pilot
C608,Acura,NSX
C609,Lexus,RX
C610,GMC,Sierra 2500
C611,Nissan,Frontier
C612,Lexus,LS
C613,Cadillac,Escalade ESV
C614,Mazda,CX-9
C615,Mitsubishi,Montero
C616,Oldsmobile,Intrigue
C617,Lotus,Esprit
C618,Audi,A3
C619,Mitsubishi,Galant
C620,Toyota,Prius c
C621,Chevrolet,Silverado 2500
C622,Kia,Rio5
C623,Mitsubishi,Outlander
C624,Suzuki,Daewoo Lacetti
C625,Chevrolet,Suburban
C626,Mercedes-Benz,CLK-Class
C627,Jeep,Grand Cherokee
C628,Mitsubishi,Montero
C629,Mercedes-Benz,G-Class
C630,Lamborghini,Countach
C631,Smart,Fortwo
C632,GMC,Rally Wagon G3500
C633,Pontiac,Sunfire
C634,Infiniti,G
C635,Suzuki,SJ
C636,Mercedes-Benz,M-Class
C637,Chrysler,300
C638,Saab,900
C639,Subaru,Outback
C640,GMC,1500 Club Coupe
C641,Cadillac,Seville
C642,Cadillac,STS-V
C643,Nissan,JUKE
C644,BMW,7 Series
C645,Pontiac,Trans Sport
C646,Pontiac,LeMans
C647,Mitsubishi,3000GT
C648,Mercury,Lynx
C649,Mercedes-Benz,CLS-Class
C650,Audi,100
C651,Lexus,IS
C652,Mercury,Mariner
C653,Volkswagen,CC
C654,Buick,Estate
C655,Chevrolet,Lumina
C656,Ford,Thunderbird
C657,Ford,Econoline E250
C658,Volvo,S40
C659,Acura,TL
C660,Ford,EXP
C661,Plymouth,Voyager
C662,Lexus,GS
C663,Chevrolet,Corvette
C664,Hyundai,Elantra
C665,Chevrolet,Traverse
C666,Volkswagen,Golf
C667,Nissan,Sentra
C668,Ford,F250
C669,Bentley,Continental GTC
C670,Jeep,Liberty
C671,Scion,xD
C672,Hyundai,Santa Fe
C673,Cadillac,Escalade ESV
C674,Dodge,Neon
C675,Buick,Lucerne
C676,Nissan,Sentra
C677,Land Rover,Range Rover
C678,Ford,Mustang
C679,Chevrolet,Corvette
C680,Honda,Odyssey
C681,GMC,Vandura G2500
C682,BMW,X6
C683,Jeep,Patriot
C684,GMC,Yukon
C685,Pontiac,G6
C686,Honda,Pilot
C687,Mercedes-Benz,CLK-Class
C688,Volkswagen,Type 2
C689,Ford,Crown Victoria
C690,Pontiac,Firebird Formula
C691,Ford,F250
C692,Aston Martin,Rapide
C693,Pontiac,Gemini
C694,Pontiac,Firefly
C695,Chevrolet,Suburban 1500
C696,Mercury,Villager
C697,Nissan,GT-R
C698,Saab,900
C699,Ford,Escort
C700,Audi,TT
C701,Lotus,Esprit
C702,Pontiac,Firefly
C703,Mercury,Lynx
C704,Bentley,Brooklands
C705,Audi,S8
C706,Dodge,Caravan
C707,Honda,Civic Si
C708,Pontiac,GTO
C709,GMC,Rally Wagon 2500
C710,Subaru,Legacy
C711,Subaru,Leone
C712,Toyota,Celica
C713,Ford,Mustang
C714,Lotus,Esprit
C715,Toyota,4Runner
C716,Ford,Explorer
C717,Suzuki,Swift
C718,Ferrari,612 Scaglietti
C719,Volkswagen,Touareg 2
C720,Ford,Aspire
C721,Dodge,Grand Caravan
C722,Buick,Park Avenue
C723,Lexus,IS F
C724,Chrysler,300
C725,Subaru,Forester
C726,BMW,X6
C727,Mercedes-Benz,C-Class
C728,Ford,Fusion
C729,Audi,R8
C730,Porsche,911
C731,Jaguar,S-Type
C732,Mitsubishi,Starion
C733,Nissan,Altima
C734,Toyota,Avalon
C735,Land Rover,LR3
C736,Mitsubishi,Lancer
C737,Infiniti,I
C738,Pontiac,Grand Prix
C739,Chrysler,Town & Country
C740,Mercedes-Benz,E-Class
C741,Dodge,Avenger
C742,Subaru,Loyale
C743,Kia,Rio
C744,Isuzu,Space
C745,Ford,Explorer Sport Trac
C746,Jaguar,S-Type
C747,Chevrolet,Aveo
C748,Isuzu,Oasis
C749,Lincoln,Blackwood
C750,Ford,E250
C751,Lamborghini,Gallardo
C752,GMC,Terrain
C753,Honda,Prelude
C754,Buick,Skyhawk
C755,Ford,Tempo
C756,Buick,Century
C757,Toyota,Tacoma
C758,Chevrolet,Cavalier
C759,Jeep,Compass
C760,Hummer,H3T
C761,Lexus,IS
C762,Ford,Aerostar
C763,Chevrolet,Cobalt
C764,Isuzu,Ascender
C765,Oldsmobile,Cutlass Supreme
C766,Mercury,Villager
C767,Mazda,MX-3
C768,Honda,Civic
C769,Hummer,H1
C770,Chevrolet,Monte Carlo
C771,Cadillac,Fleetwood
C772,Ford,Crown Victoria
C773,Dodge,Viper
C774,Ford,LTD Crown Victoria
C775,Chevrolet,G-Series 1500
C776,Lexus,RX Hybrid
C777,Pontiac,LeMans
C778,Acura,TL
C779,Nissan,Titan
C780,Ford,Aerostar
C781,GMC,Sierra 3500
C782,Spyker,C8 Laviolette
C783,Toyota,Camry
C784,Mazda,RX-8
C785,Cadillac,Escalade EXT
C786,Subaru,SVX
C787,GMC,Savana 1500
C788,Saab,9-5
C789,Mitsubishi,Pajero
C790,Toyota,FJ Cruiser
C791,Toyota,Corolla
C792,Lamborghini,Diablo
C793,Suzuki,Swift
C794,Volkswagen,Passat
C795,Toyota,Avalon
C796,Isuzu,Trooper
C797,Audi,A3
C798,Lexus,HS
C799,Land Rover,Range Rover Sport
C800,Cadillac,Seville
C801,Ford,Crown Victoria
C802,Dodge,Ram Van 1500
C803,Jeep,Wrangler
C804,Mitsubishi,Montero
C805,Toyota,Camry
C806,Ford,Freestyle
C807,Chevrolet,Camaro
C808,Toyota,T100
C809,Maserati,Gran Sport
C810,Ford,Taurus
C811,Volkswagen,Golf
C812,Mercedes-Benz,SL-Class
C813,Ram,2500
C814,Ford,Aspire
C815,Mitsubishi,Mirage
C816,Mitsubishi,Cordia
C817,Toyota,Highlander
C818,McLaren,MP4-12C
C819,Buick,Skylark
C820,Pontiac,GTO
C821,Hyundai,Elantra
C822,Ford,Econoline E250
C823,Nissan,Maxima
C824,Mercedes-Benz,C-Class
C825,Nissan,NV3500
C826,Buick,Century
C827,Acura,SLX
C828,Mitsubishi,Montero Sport
C829,Plymouth,Colt Vista
C830,Saab,900
C831,Mercury,Capri
C832,Nissan,240SX
C833,Mazda,MX-6
C834,GMC,Safari
C835,Chevrolet,Corvette
C836,Ford,Explorer Sport Trac
C837,Chrysler,PT Cruiser
C838,Kia,Sedona
C839,Pontiac,Parisienne
C840,Spyker,C8
C841,Toyota,Highlander
C842,Morgan,Aero 8
C843,GMC,Sierra 1500
C844,Mercedes-Benz,M-Class
C845,Lexus,IS F
C846,Hyundai,Sonata
C847,GMC,Suburban 2500
C848,Toyota,T100
C849,Volkswagen,GTI
C850,Mitsubishi,Pajero
C851,Mazda,Protege
C852,Chevrolet,Cruze
C853,Audi,5000S
C854,Chrysler,New Yorker
C855,BMW,X5 M
C856,Plymouth,Voyager
C857,Cadillac,CTS
C858,Infiniti,I
C859,Honda,Passport
C860,Ford,Escort
C861,Pontiac,Grand Am
C862,Ford,Bronco
C863,Ferrari,458 Italia
C864,Ford,Five Hundred
C865,Volkswagen,Jetta
C866,Nissan,Quest
C867,Ford,Flex
C868,Isuzu,Space
C869,GMC,Envoy XL
C870,Dodge,Viper RT/10
C871,Hummer,H3
C872,Kia,Amanti
C873,Hyundai,Genesis
C874,Pontiac,Grand Prix
C875,Dodge,Dakota Club
C876,Pontiac,LeMans
C877,Mazda,323
C878,Toyota,MR2
C879,Nissan,Sentra
C880,Chevrolet,Camaro
C881,Volvo,XC90
C882,Honda,Civic
C883,Jeep,Cherokee
C884,Lexus,RX
C885,Ford,Escort
C886,Volvo,XC90
C887,Honda,CR-V
C888,Plymouth,Voyager
C889,BMW,1 Series
C890,Ford,F250
C891,Mercury,Grand Marquis
C892,MINI,Cooper
C893,Pontiac,Grand Prix
C894,Porsche,Cayman
C895,GMC,Savana 1500
C896,Volkswagen,Jetta
C897,Honda,CR-X
C898,MINI,Cooper
C899,Chevrolet,Caprice
C900,Ford,Thunderbird
C901,Mercury,Villager
C902,BMW,X3
C903,Mazda,626
C904,Audi,RS6
C905,Dodge,Sprinter
C906,Toyota,Camry Hybrid
C907,Pontiac,Gemini
C908,Ford,Econoline E250
C909,Mercedes-Benz,600SEL
C910,GMC,3500
C911,BMW,Z4 M Roadster
C912,Lamborghini,Diablo
C913,Nissan,Quest
C914,Nissan,Sentra
C915,Subaru,Impreza
C916,Volvo,S80
C917,Cadillac,Escalade ESV
C918,Chevrolet,Equinox
C919,Chevrolet,Corvette
C920,Chevrolet,Monte Carlo
C921,Acura,RL
C922,Porsche,911
C923,Isuzu,Hombre
C924,Chevrolet,Tracker
C925,Jeep,Grand Cherokee
C926,Mitsubishi,Endeavor
C927,Chevrolet,Colorado
C928,Suzuki,Aerio
C929,Mercury,Sable
C930,Audi,100
C931,Audi,A4
C932,Mazda,Protege
C933,Ford,Falcon
C934,Chevrolet,Monte Carlo
C935,Ford,Crown Victoria
C936,Saturn,L-Series
C937,Subaru,Outback
C938,Jeep,Grand Cherokee
C939,Dodge,Dakota Club
C940,Ford,F150
C941,Toyota,Celica
C942,Ford,F450
C943,Daewoo,Lanos
C944,Ford,Explorer
C945,Scion,xD
C946,Chevrolet,Corvette
C947,Ford,Fusion
C948,Chevrolet,Uplander
C949,Dodge,Stealth
C950,Geo,Tracker
C951,Ford,Focus
C952,Mercury,Cougar
C953,Mercury,Mountaineer
C954,Mitsubishi,Montero
C955,Saab,9-3
C956,Ford,Focus
C957,Scion,xB
C958,Honda,Civic Si
C959,GMC,Yukon XL 2500
C960,Chevrolet,G-Series G10
C961,Chevrolet,Blazer
C962,Saab,9000
C963,Ford,E-350 Super Duty Van
C964,Cadillac,Escalade
C965,Mercedes-Benz,E-Class
C966,Cadillac,XLR
C967,Mazda,Navajo
C968,Pontiac,Grand Am
C969,Ford,Escort
C970,Kia,Optima
C971,Audi,A8
C972,Toyota,Celica
C973,Kia,Sedona
C974,Ford,E250
C975,BMW,Alpina B7
C976,Pontiac,Sunfire
C977,Dodge,Ram Van B350
C978,Nissan,Pathfinder
C979,Ford,Mustang
C980,Toyota,Supra
C981,Mitsubishi,Galant
C982,Porsche,Cayenne
C983,Ford,Expedition
C984,Honda,Pilot
C985,Subaru,Outback
C986,Land Rover,Range Rover
C987,Mitsubishi,Pajero
C988,Audi,S4
C989,Buick,Riviera
C990,Pontiac,Grand Prix
C991,Pontiac,Bonneville
C992,Maybach,Landaulet
C993,Volkswagen,Tiguan
C994,Mercury,Cougar
C995,Jaguar,XJ Series
C996,Isuzu,Rodeo
C997,Hyundai,XG350
C998,Chevrolet,HHR
C999,Alfa Romeo,Spider
C1000,BMW,Alpina B7
