Tour_Agent,Agent_name,Agent_email,Agent_phone
2394,Ashien Belitz,abelitz0@github.io,416-890-1165
5486,Cathe Deener,cdeener1@google.es,220-370-0556
3375,Lou Stag,lstag2@icq.com,944-730-9999
3469,Marcella Vany,mvany3@ted.com,551-632-1370
5385,Omar Brunsen,obrunsen4@java.com,624-800-0633
1256,Pepito Atwood,patwood5@aol.com,615-139-0524
2475,Lucina MacDavitt,lmacdavitt6@de.vu,336-376-9261
9675,Trumaine Pane,tpane7@privacy.gov.au,209-949-9056
4893,Alford Muckersie,amuckersie8@histats.com,601-719-6694
6201,Donnamarie Churms,dchurms9@issuu.com,340-436-9664
2915,Pammi Bendan,pbendana@auda.org.au,389-703-5855
1736,Natassia Mayfield,nmayfieldb@umich.edu,535-563-3619
8658,Ranique Attkins,rattkinsc@addtoany.com,229-507-1822
6359,Timothy Witling,twitlingd@nih.gov,790-155-1444
2402,Arline Thowes,athowese@europa.eu,617-730-1641
2199,Henryetta Tripony,htriponyf@comsenz.com,255-681-3079
7150,Allyson Gaspard,agaspardg@dyndns.org,363-337-8585
5666,Jessamyn McInulty,jmcinultyh@parallels.com,937-116-9941
7485,Gilles Bridel,gbrideli@linkedin.com,276-521-3806
9338,Cinnamon De Blasio,cdej@paypal.com,292-888-2360
